driverId,driver_name,total_races,wins,podiums
1,"Lewis Hamilton",356,105,232
30,"Michael Schumacher",308,91,222
830,"Max Verstappen",209,63,142
20,"Sebastian Vettel",300,53,160
117,"Alain Prost",202,51,165
102,"Ayrton Senna",162,41,134
4,"Fernando Alonso",404,32,176
95,"Nigel Mansell",192,31,153
328,"Jackie Stewart",100,27,80
182,"Niki Lauda",174,25,137
373,"Jim Clark",73,25,55
579,"Juan Fangio",58,24,49
3,"Nico Rosberg",206,23,86
137,"Nelson Piquet",207,23,145
71,"Damon Hill",122,22,87
8,"Kimi Räikkönen",352,21,170
57,"Mika Häkkinen",165,20,113
475,"Stirling Moss",73,16,60
18,"Jenson Button",309,15,117
224,"Emerson Fittipaldi",149,14,90
289,"Graham Hill",179,14,113
356,"Jack Brabham",129,14,87
14,"David Coulthard",247,13,140
647,"Alberto Ascari",36,13,31
178,"Alan Jones",117,12,73
199,"Carlos Reutemann",146,12,94
207,"Mario Andretti",129,12,86
13,"Felipe Massa",271,11,83
22,"Rubens Barrichello",326,11,165
35,"Jacques Villeneuve",165,11,80
77,"Gerhard Berger",210,10,134
222,"Jody Scheckter",113,10,69
231,"James Hunt",93,10,70
238,"Ronnie Peterson",123,10,78
822,"Valtteri Bottas",247,10,94
17,"Mark Webber",217,9,99
235,"Jacky Ickx",121,8,80
304,"Denny Hulme",112,8,67
817,"Daniel Ricciardo",257,8,71
844,"Charles Leclerc",149,8,66
31,"Juan Pablo Montoya",95,7,63
163,"René Arnoux",164,7,104
23,"Ralf Schumacher",180,6,85
119,"Riccardo Patrese",257,6,168
172,"Jacques Laffite",180,6,118
203,"Gilles Villeneuve",68,6,42
341,"John Surtees",112,6,82
358,"Jochen Rindt",62,6,50
479,"Tony Brooks",41,6,29
815,"Sergio Pérez",283,6,71
105,"Michele Alboreto",215,5,136
177,"Keke Rosberg",128,5,86
187,"John Watson",154,5,84
223,"Clay Regazzoni",138,5,83
642,"Nino Farina",37,5,30
56,"Eddie Irvine",147,4,88
360,"Bruce McLaren",103,4,67
364,"Dan Gurney",87,4,62
832,"Carlos Sainz",208,4,65
846,"Lando Norris",128,4,35
21,"Giancarlo Fisichella",231,3,88
49,"Heinz-Harald Frentzen",159,3,81
65,"Johnny Herbert",165,3,82
123,"Thierry Boutsen",164,3,82
202,"Didier Pironi",72,3,41
403,"Phil Hill",52,3,35
578,"Mike Hawthorn",48,3,33
581,"Peter Collins",37,3,30
847,"George Russell",128,3,32
173,"Elio de Angelis",110,2,60
175,"Patrick Tambay",122,2,76
219,"Jean-Pierre Jabouille",55,2,47
221,"Patrick Depailler",95,2,60
309,"Peter Revson",31,2,18
345,"Pedro Rodríguez",54,2,32
346,"Jo Siffert",100,2,54
427,"Maurice Trintignant",87,2,53
476,"Wolfgang von Trips",28,2,15
498,"José Froilán González",29,2,25
657,"Bill Vukovich",5,2,4
857,"Oscar Piastri",46,2,13
5,"Heikki Kovalainen",112,1,25
9,"Robert Kubica",99,1,26
15,"Jarno Trulli",256,1,97
44,"Olivier Panis",158,1,64
55,"Jean Alesi",202,1,115
145,"Alessandro Nannini",77,1,55
200,"Jochen Mass",114,1,58
230,"Vittorio Brambilla",78,1,42
250,"Carlos Pace",73,1,42
255,"Gunnar Nilsson",32,1,22
306,"Jean-Pierre Beltoise",87,1,46
320,"Peter Gethin",30,1,20
327,"François Cevert",47,1,31
347,"Jo Bonnier",109,1,60
375,"Ludovico Scarfiotti",13,1,8
385,"Lorenzo Bandini",44,1,24
386,"Richie Ginther",54,1,29
394,"Giancarlo Baghetti",26,1,17
404,"Innes Ireland",55,1,33
449,"Rodger Ward",12,1,10
842,"Pierre Gasly",154,1,25
509,"Jim Rathmann",12,1,7
525,"Jimmy Bryan",9,1,5
526,"Troy Ruttman",9,1,5
559,"Pat Flaherty",6,1,4
577,"Luigi Musso",26,1,19
593,"Johnnie Parsons",10,1,5
611,"Sam Hanks",9,1,8
628,"Bob Sweikert",5,1,3
641,"Piero Taruffi",18,1,11
766,"Lee Wallard",2,1,1
786,"Luigi Fagioli",8,1,7
813,"Pastor Maldonado",96,1,30
839,"Esteban Ocon",156,1,28
2,"Nick Heidfeld",184,0,59
6,"Kazuki Nakajima",36,0,6
7,"Sébastien Bourdais",27,0,7
10,"Timo Glock",95,0,24
11,"Takuma Sato",91,0,33
12,"Nelson Piquet Jr.",28,0,12
16,"Adrian Sutil",128,0,39
19,"Anthony Davidson",24,0,10
24,"Vitantonio Liuzzi",81,0,26
25,"Alexander Wurz",69,0,25
26,"Scott Speed",28,0,11
27,"Christijan Albers",46,0,18
28,"Markus Winkelhock",1,0,1
29,"Sakon Yamamoto",21,0,7
32,"Christian Klien",51,0,16
33,"Tiago Monteiro",37,0,9
34,"Yuji Ide",4,0,3
36,"Franck Montagny",7,0,4
37,"Pedro de la Rosa",107,0,52
38,"Robert Doornbos",11,0,2
39,"Narain Karthikeyan",48,0,15
40,"Patrick Friesacher",11,0,6
41,"Ricardo Zonta",38,0,19
42,"Antônio Pizzonia",20,0,9
43,"Cristiano da Matta",28,0,8
45,"Giorgio Pantano",14,0,8
46,"Gianmaria Bruni",18,0,9
47,"Zsolt Baumgartner",20,0,8
48,"Marc Gené",36,0,13
50,"Jos Verstappen",107,0,60
51,"Justin Wilson",16,0,9
52,"Ralph Firman",14,0,6
53,"Nicolas Kiesa",5,0,0
54,"Luciano Burti",15,0,6
58,"Tarso Marques",26,0,16
59,"Enrique Bernoldi",29,0,20
60,"Gastón Mazzacane",21,0,8
61,"Tomáš Enge",3,0,1
62,"Alex Yoong",16,0,10
63,"Mika Salo",111,0,49
64,"Pedro Diniz",99,0,60
66,"Allan McNish",17,0,9
67,"Sébastien Buemi",55,0,15
68,"Toranosuke Takagi",32,0,20
69,"Luca Badoer",58,0,33
70,"Alessandro Zanardi",44,0,26
72,"Stéphane Sarrazin",1,0,1
73,"Ricardo Rosset",30,0,18
74,"Esteban Tuero",16,0,12
75,"Shinji Nakano",33,0,15
76,"Jan Magnussen",25,0,16
78,"Nicola Larini",75,0,50
79,"Ukyo Katayama",97,0,64
80,"Vincenzo Sospiri",1,0,1
81,"Gianni Morbidelli",70,0,37
82,"Norberto Fontana",4,0,1
83,"Pedro Lamy",32,0,13
84,"Martin Brundle",165,0,91
85,"Andrea Montermini",28,0,24
86,"Giovanni Lavaggi",10,0,8
87,"Mark Blundell",63,0,35
88,"Aguri Suzuki",88,0,64
89,"Taki Inoue",18,0,13
90,"Roberto Moreno",74,0,58
91,"Karl Wendlinger",42,0,24
92,"Bertrand Gachot",84,0,69
93,"Domenico Schiattarella",7,0,4
94,"Pierluigi Martini",123,0,68
96,"Jean-Christophe Boullion",11,0,4
97,"Massimiliano Papis",7,0,5
98,"Jean-Denis Délétraz",3,0,2
99,"Gabriele Tarquini",78,0,65
100,"Érik Comas",63,0,31
101,"David Brabham",30,0,23
103,"Éric Bernard",47,0,26
104,"Christian Fittipaldi",43,0,17
106,"Olivier Beretta",10,0,6
107,"Roland Ratzenberger",3,0,2
108,"Paul Belmondo",27,0,22
109,"Jyrki Järvilehto",70,0,43
110,"Andrea de Cesaris",214,0,148
111,"Jean-Marc Gounon",9,0,5
112,"Philippe Alliot",115,0,71
113,"Philippe Adams",2,0,1
114,"Yannick Dalmas",50,0,35
115,"Hideki Noda",3,0,3
116,"Franck Lagorce",2,0,1
118,"Derek Warwick",162,0,99
120,"Fabrizio Barbazza",20,0,17
121,"Michael Andretti",13,0,8
122,"Ivan Capelli",98,0,72
124,"Marco Apicella",1,0,1
125,"Emanuele Naspetti",6,0,3
126,"Toshio Suzuki",2,0,0
127,"Maurício Gugelmin",80,0,50
128,"Eric van de Poele",29,0,26
129,"Olivier Grouillard",62,0,48
130,"Andrea Chiesa",10,0,10
131,"Stefano Modena",81,0,53
132,"Giovanna Amati",3,0,3
133,"Alex Caffi",75,0,49
134,"Enrico Bertaggia",6,0,6
135,"Perry McCarthy",7,0,7
136,"Jan Lammers",41,0,29
138,"Satoru Nakajima",80,0,45
139,"Emanuele Pirro",40,0,23
140,"Stefan Johansson",103,0,71
141,"Julian Bailey",20,0,15
142,"Pedro Chaves",13,0,13
143,"Michael Bartels",4,0,4
144,"Naoki Hattori",2,0,2
146,"Bernd Schneider",32,0,29
147,"Paolo Barilla",15,0,11
148,"Gregor Foitek",22,0,20
149,"Claudio Langes",14,0,14
150,"Gary Brabham",2,0,2
151,"Martin Donnelly",15,0,9
152,"Bruno Giacomelli",82,0,55
153,"Jaime Alguersuari",46,0,10
154,"Romain Grosjean",181,0,57
155,"Kamui Kobayashi",76,0,24
156,"Jonathan Palmer",88,0,43
157,"Christian Danner",47,0,32
158,"Eddie Cheever",143,0,97
159,"Luis Pérez-Sala",32,0,21
160,"Piercarlo Ghinzani",111,0,91
161,"Volker Weidler",10,0,10
162,"Pierre-Henri Raphanel",17,0,17
164,"Joachim Winkelhock",7,0,7
165,"Oscar Larrauri",21,0,19
166,"Philippe Streiff",54,0,25
167,"Adrián Campos",21,0,19
168,"Jean-Louis Schlesser",2,0,1
169,"Pascal Fabre",12,0,4
170,"Teo Fabi",71,0,55
171,"Franco Forini",2,0,2
174,"Johnny Dumfries",16,0,10
176,"Marc Surer",88,0,37
179,"Huub Rothengatter",28,0,22
180,"Allen Berg",9,0,6
181,"Manfred Winkelhock",55,0,42
183,"François Hesnault",20,0,15
184,"Mauro Baldi",41,0,24
185,"Stefan Bellof",22,0,15
186,"Kenny Acheson",9,0,8
188,"Johnny Cecotto",23,0,16
189,"Jo Gartner",8,0,5
190,"Corrado Fabi",18,0,15
191,"Mike Thackwell",5,0,5
192,"Chico Serra",32,0,21
193,"Danny Sullivan",15,0,8
194,"Eliseo Salazar",37,0,29
195,"Roberto Guerrero",29,0,24
196,"Raul Boesel",30,0,20
197,"Jean-Pierre Jarier",143,0,83
198,"Jacques Villeneuve Sr.",3,0,3
201,"Slim Borgudd",15,0,9
204,"Riccardo Paletti",8,0,8
205,"Brian Henton",37,0,27
206,"Derek Daly",64,0,38
208,"Emilio de Villota",14,0,12
209,"Geoff Lees",12,0,9
210,"Tommy Byrne",5,0,5
211,"Rupert Keegan",37,0,25
212,"Hector Rebaque",58,0,43
213,"Beppe Gabbiani",17,0,17
214,"Kevin Cogan",2,0,2
215,"Miguel Ángel Guerra",4,0,4
216,"Siegfried Stohr",13,0,10
217,"Ricardo Zunino",11,0,5
218,"Ricardo Londoño",1,0,1
220,"Giorgio Francia",2,0,2
225,"Dave Kennedy",7,0,7
226,"Stephen South",1,0,1
227,"Tiff Needell",2,0,2
228,"Desiré Wilson",1,0,1
229,"Harald Ertl",29,0,18
232,"Arturo Merzario",84,0,68
233,"Hans-Joachim Stuck",81,0,57
234,"Gianfranco Brancatelli",3,0,3
236,"Patrick Gaillard",5,0,4
237,"Alex Ribeiro",20,0,14
239,"Brett Lunger",42,0,19
240,"Danny Ongais",6,0,5
241,"Lamberto Leoni",5,0,5
242,"Divina Galica",3,0,3
243,"Rolf Stommelen",61,0,28
244,"Alberto Colombo",3,0,3
245,"Tony Trimmer",6,0,6
246,"Hans Binder",15,0,9
247,"Michael Bleekemolen",5,0,5
248,"Carlo Franchi",1,0,1
249,"Bobby Rahal",2,0,1
251,"Ian Scheckter",20,0,16
252,"Tom Pryce",42,0,22
253,"Ingo Hoffmann",6,0,4
254,"Renzo Zorzi",7,0,4
256,"Larry Perkins",15,0,10
257,"Boy Lunger",7,0,7
258,"Patrick Nève",13,0,5
259,"David Purley",11,0,7
260,"Conny Andersson",5,0,5
261,"Bernard de Dryver",1,0,1
262,"Jackie Oliver",51,0,37
263,"Mikko Kozarowitzky",2,0,2
264,"Andy Sutcliffe",1,0,1
265,"Guy Edwards",16,0,8
266,"Brian McGuire",1,0,1
267,"Vern Schuppan",12,0,8
268,"Hans Heyer",1,0,1
269,"Teddy Pilette",4,0,3
270,"Ian Ashley",11,0,9
271,"Loris Kessel",6,0,5
272,"Kunimitsu Takahashi",1,0,0
273,"Kazuyoshi Hoshino",2,0,1
274,"Noritake Takahara",2,0,1
275,"Lella Lombardi",17,0,10
276,"Bob Evans",12,0,7
277,"Michel Leclère",8,0,3
278,"Chris Amon",106,0,66
279,"Emilio Zapico",1,0,1
280,"Henri Pescarolo",59,0,29
281,"Jac Nelleman",1,0,1
282,"Damien Magee",2,0,1
283,"Mike Wilds",8,0,8
284,"Alessandro Pesenti-Rossi",4,0,1
285,"Otto Stuppacher",3,0,3
286,"Warwick Brown",1,0,0
287,"Masahiro Hasemi",1,0,0
288,"Mark Donohue",15,0,8
290,"Wilson Fittipaldi",38,0,21
291,"Guy Tunmer",1,0,0
292,"Eddie Keizan",3,0,1
293,"Dave Charlton",13,0,10
294,"Tony Brise",10,0,4
295,"Roelof Wunderink",6,0,6
296,"François Migault",15,0,11
297,"Torsten Palm",2,0,1
298,"Gijs van Lennep",9,0,2
299,"Hiroshi Fushida",2,0,2
300,"John Nicholson",2,0,1
301,"Dave Morgan",1,0,0
302,"Jim Crawford",2,0,1
303,"Jo Vonlanthen",1,0,1
305,"Mike Hailwood",51,0,26
307,"Howden Ganley",39,0,18
308,"Richard Robarts",4,0,2
310,"Paddy Driver",2,0,2
311,"Tom Belsø",4,0,3
312,"Brian Redman",13,0,7
313,"Rikky von Opel",13,0,9
314,"Tim Schenken",36,0,21
315,"Gérard Larrousse",2,0,2
316,"Leo Kinnunen",6,0,6
317,"Reine Wisell",23,0,16
318,"Bertil Roos",1,0,1
319,"José Dolhem",3,0,3
321,"Derek Bell",14,0,12
322,"David Hobbs",7,0,1
323,"Dieter Quester",1,0,0
324,"Helmuth Koinigg",3,0,2
325,"Carlo Facetti",1,0,1
326,"Eppie Wietzes",2,0,2
329,"Mike Beuttler",29,0,16
330,"Nanni Galli",17,0,10
331,"Luiz Bueno",1,0,0
332,"George Follmer",12,0,6
333,"Andrea de Adamich",36,0,24
334,"Jackie Pretorius",4,0,4
335,"Roger Williamson",2,0,2
336,"Graham McRae",1,0,1
337,"Helmut Marko",9,0,2
338,"David Walker",11,0,6
339,"Alex Soler-Roig",9,0,9
340,"John Love",10,0,5
342,"Skip Barber",6,0,5
343,"Bill Brack",3,0,3
344,"Sam Posey",2,0,1
348,"François Mazet",1,0,0
349,"Max Jean",1,0,1
350,"Vic Elford",13,0,5
351,"Silvio Moser",18,0,14
352,"George Eaton",13,0,9
353,"Pete Lovely",11,0,8
354,"Chris Craft",2,0,2
355,"John Cannon",1,0,0
357,"John Miles",15,0,11
359,"Johnny Servoz-Gavin",12,0,9
361,"Piers Courage",29,0,22
362,"Peter de Klerk",4,0,2
363,"Ignazio Giunti",4,0,1
365,"Hubert Hahne",3,0,2
366,"Gus Hutchison",1,0,1
367,"Peter Westbury",1,0,1
368,"Sam Tingle",6,0,4
369,"Basil van Rooyen",2,0,2
370,"Richard Attwood",17,0,6
371,"Al Pease",2,0,2
372,"John Cordts",1,0,1
374,"Mike Spence",36,0,17
376,"Lucien Bianchi",19,0,14
377,"Jo Schlesser",2,0,2
378,"Robin Widdows",1,0,1
379,"Kurt Ahrens",2,0,1
380,"Frank Gardner",9,0,6
381,"Bobby Unser",1,0,1
382,"Moisés Solana",8,0,5
383,"Bob Anderson",26,0,12
384,"Luki Botha",1,0,1
387,"Mike Parkes",7,0,6
388,"Chris Irwin",10,0,5
389,"Guy Ligier",13,0,7
390,"Alan Rees",2,0,0
391,"Brian Hart",1,0,1
392,"Mike Fisher",2,0,1
393,"Tom Jones",1,0,1
395,"Jonathan Williams",1,0,0
396,"Bob Bondurant",9,0,5
397,"Peter Arundell",15,0,9
398,"Vic Wilson",2,0,2
399,"John Taylor",5,0,1
400,"Chris Lawrence",2,0,1
401,"Trevor Taylor",29,0,18
402,"Giacomo Russo",3,0,2
405,"Ronnie Bucknum",11,0,7
406,"Paul Hawkins",3,0,1
407,"David Prophet",2,0,1
408,"Tony Maggs",27,0,12
409,"Trevor Blokdyk",2,0,1
410,"Neville Lederle",3,0,2
411,"Doug Serrurier",3,0,2
412,"Brausch Niemann",2,0,1
413,"Ernie Pieterse",3,0,2
414,"Clive Puzey",1,0,1
415,"Ray Reed",1,0,1
416,"David Clapham",1,0,1
417,"Alex Blignaut",1,0,1
418,"Masten Gregory",46,0,27
419,"John Rhodes",1,0,1
420,"Ian Raby",7,0,6
421,"Alan Rollinson",1,0,1
422,"Brian Gubby",1,0,1
423,"Gerhard Mitter",5,0,3
424,"Roberto Bussinello",4,0,3
425,"Nino Vaccarella",5,0,2
426,"Giorgio Bassi",1,0,1
428,"Bernard Collomb",6,0,5
429,"André Pilette",15,0,8
430,"Carel Godin de Beaufort",31,0,8
431,"Edgar Barth",7,0,4
432,"Mário de Araújo Cabral",5,0,4
433,"Walt Hansgen",4,0,3
434,"Hap Sharp",6,0,2
435,"Willy Mairesse",12,0,10
436,"John Campbell-Jones",5,0,3
437,"Ian Burgess",26,0,17
438,"Tony Settember",10,0,8
439,"Nasif Estéfano",5,0,4
440,"Jim Hall",12,0,4
441,"Tim Parnell",4,0,3
442,"Kurt Kuhnke",2,0,2
443,"Ernesto Brambilla",1,0,1
444,"Roberto Lippi",3,0,3
445,"Günther Seiffert",2,0,2
446,"Carlo Abate",2,0,2
447,"Gaetano Starrabba",2,0,2
448,"Peter Broeker",1,0,0
450,"Ernie de Vos",1,0,1
451,"Frank Dochnal",1,0,1
452,"Thomas Monarch",1,0,1
453,"Jackie Lewis",11,0,6
454,"Ricardo Rodríguez",6,0,3
455,"Wolfgang Seidel",13,0,10
456,"Roy Salvadori",51,0,34
457,"Ben Pon",1,0,1
458,"Rob Slotemaker",1,0,1
459,"Tony Marsh",9,0,6
460,"Gerry Ashmore",5,0,4
461,"Heinz Schiller",2,0,2
462,"Colin Davis",3,0,2
463,"Jay Chamberlain",3,0,2
464,"Tony Shelly",3,0,3
465,"Keith Greene",7,0,6
466,"Heini Walter",1,0,0
467,"Ernesto Prinoth",2,0,2
468,"Roger Penske",2,0,0
469,"Rob Schroeder",1,0,0
470,"Timmy Mayer",1,0,1
471,"Bruce Johnstone",1,0,0
472,"Mike Harris",1,0,1
473,"Gary Hocking",1,0,1
474,"Syd van der Vyver",1,0,1
477,"Cliff Allison",18,0,9
478,"Hans Herrmann",20,0,12
480,"Michael May",4,0,3
481,"Henry Taylor",10,0,3
482,"Olivier Gendebien",17,0,8
483,"Giorgio Scarlatti",15,0,10
484,"Brian Naylor",9,0,7
485,"Juan Manuel Bordeu",1,0,1
486,"Jack Fairman",13,0,10
487,"Massimo Natili",2,0,2
488,"Peter Monteverdi",1,0,1
489,"Renato Pirocchi",2,0,1
490,"Geoff Duke",1,0,1
491,"Alfonso Thiele",2,0,2
492,"Menato Boffa",1,0,1
493,"Peter Ryan",1,0,0
494,"Lloyd Ruby",2,0,1
495,"Ken Miles",1,0,1
496,"Carlos Menditeguy",12,0,9
497,"Alberto Rodriguez Larreta",1,0,0
499,"Roberto Bonomi",1,0,0
500,"Gino Munaron",4,0,2
501,"Harry Schell",64,0,35
502,"Alan Stacey",7,0,6
503,"Ettore Chimeri",1,0,1
504,"Antonio Creus",1,0,1
505,"Chris Bristow",4,0,3
506,"Bruce Halford",9,0,7
507,"Chuck Daigh",6,0,5
508,"Lance Reventlow",4,0,4
510,"Paul Goldsmith",3,0,2
511,"Don Branson",2,0,1
512,"Johnny Thomson",9,0,6
513,"Eddie Johnson",9,0,2
514,"Bob Veith",5,0,1
515,"Bud Tingelstad",1,0,0
516,"Bob Christie",5,0,2
517,"Red Amick",2,0,1
518,"Duane Carter",10,0,2
519,"Bill Homeier",3,0,1
520,"Gene Hartley",9,0,2
521,"Chuck Stevenson",7,0,3
522,"Bobby Grim",2,0,1
523,"Shorty Templeman",3,0,2
524,"Jim Hurtubise",1,0,0
527,"Eddie Sachs",4,0,3
528,"Don Freeland",8,0,4
529,"Tony Bettenhausen",13,0,6
530,"Wayne Weiler",1,0,0
531,"Anthony Foyt",3,0,1
532,"Eddie Russo",4,0,3
533,"Johnny Boyd",6,0,3
534,"Gene Force",2,0,1
535,"Jim McWithey",2,0,0
536,"Len Sutton",3,0,2
537,"Dick Rathmann",5,0,3
538,"Al Herman",5,0,2
539,"Dempsey Wilson",2,0,1
540,"Mike Taylor",2,0,2
541,"Ron Flockhart",15,0,11
542,"David Piper",3,0,2
543,"Giulio Cabianca",4,0,2
544,"Piero Drogo",1,0,0
545,"Fred Gamble",1,0,0
546,"Arthur Owen",1,0,1
547,"Horace Gould",18,0,13
548,"Bob Drake",1,0,0
549,"Ivor Bueb",6,0,3
550,"Alain de Changy",1,0,1
551,"Maria de Filippis",5,0,4
552,"Jean Lucienbonnet",1,0,1
553,"André Testut",2,0,2
554,"Jean Behra",57,0,41
555,"Paul Russo",9,0,4
556,"Jimmy Daywalt",7,0,4
557,"Chuck Arnold",1,0,0
558,"Al Keller",5,0,3
560,"Bill Cheesbourg",3,0,2
561,"Ray Crawford",3,0,3
562,"Jack Turner",4,0,3
563,"Chuck Weyant",4,0,2
564,"Jud Larson",2,0,1
565,"Mike Magill",3,0,3
566,"Carroll Shelby",9,0,5
567,"Fritz d'Orey",3,0,2
568,"Azdrubal Fontes",1,0,1
569,"Peter Ashdown",1,0,0
570,"Bill Moss",1,0,1
571,"Dennis Taylor",1,0,1
572,"Harry Blanchard",1,0,0
573,"Alessandro de Tomaso",2,0,1
574,"George Constantine",1,0,1
575,"Bob Said",1,0,1
576,"Phil Cade",1,0,1
580,"Paco Godia",14,0,6
582,"Ken Kavanagh",1,0,1
583,"Gerino Gerini",7,0,3
584,"Bruce Kessler",1,0,1
585,"Paul Emery",2,0,2
586,"Luigi Piotti",9,0,7
587,"Bernie Ecclestone",1,0,1
588,"Luigi Taramazzo",1,0,1
589,"Louis Chiron",17,0,11
590,"Stuart Lewis-Evans",14,0,10
591,"George Amick",1,0,1
592,"Jimmy Reece",6,0,2
594,"Johnnie Tolan",3,0,2
595,"Billy Garrett",2,0,1
596,"Ed Elisian",5,0,4
597,"Pat O'Connor",5,0,2
598,"Jerry Unser",1,0,1
599,"Art Bisch",1,0,1
600,"Christian Goethals",1,0,1
601,"Dick Gibson",2,0,2
602,"Robert La Caze",1,0,0
603,"André Guelfi",1,0,0
604,"François Picard",1,0,1
605,"Tom Bridger",1,0,1
606,"Alfonso de Portago",6,0,4
607,"Cesare Perdisa",9,0,4
608,"Eugenio Castellotti",17,0,12
609,"André Simon",12,0,8
610,"Les Leston",3,0,3
612,"Andy Linden",11,0,6
613,"Marshall Teague",4,0,2
614,"Don Edmunds",1,0,1
615,"Fred Agabashian",8,0,5
616,"Elmer George",1,0,1
617,"Mike MacDowel",1,0,0
618,"Herbert MacKay-Fraser",1,0,1
619,"Bob Gerard",7,0,0
620,"Umberto Maglioli",10,0,6
621,"Paul England",1,0,1
622,"Chico Landi",6,0,3
623,"Alberto Uria",2,0,1
624,"Hernando da Silva Ramos",8,0,5
625,"Élie Bayol",7,0,5
626,"Robert Manzon",29,0,20
627,"Louis Rosier",39,0,15
629,"Cliff Griffith",3,0,1
630,"Duke Dinsmore",4,0,2
631,"Keith Andrews",2,0,2
632,"Paul Frère",11,0,7
633,"Luigi Villoresi",35,0,25
634,"Piero Scotti",1,0,1
635,"Colin Chapman",1,0,1
636,"Desmond Titterington",1,0,1
637,"Archie Scott Brown",1,0,1
638,"Ottorino Volonterio",3,0,2
639,"André Milhoux",1,0,1
640,"Toulo de Graffenried",23,0,11
643,"Roberto Mieres",17,0,9
644,"Sergio Mantovani",9,0,3
645,"Clemar Bucci",5,0,5
646,"Jesús Iglesias",1,0,1
648,"Karl Kling",12,0,8
649,"Pablo Birger",2,0,2
650,"Jacques Pollet",5,0,3
651,"Lance Macklin",15,0,10
652,"Ted Whiteaway",1,0,1
653,"Jimmy Davies",6,0,3
654,"Walt Faulkner",5,0,1
655,"Cal Niday",3,0,2
656,"Art Cross",4,0,2
658,"Jack McGrath",6,0,3
659,"Jerry Hoyt",5,0,3
660,"Johnny Claes",25,0,12
661,"Peter Walker",4,0,3
662,"Mike Sparken",1,0,0
663,"Ken Wharton",16,0,8
664,"Kenneth McAlpine",7,0,5
665,"Leslie Marr",2,0,1
666,"Tony Rolt",3,0,3
667,"John Fitch",2,0,1
668,"Jean Lucas",1,0,1
669,"Prince Bira",19,0,9
670,"Onofre Marimón",12,0,11
671,"Roger Loyer",1,0,1
672,"Jorge Daponte",2,0,1
673,"Mike Nazaruk",3,0,2
674,"Larry Crockett",1,0,0
675,"Manny Ayulo",4,0,1
676,"Frank Armi",1,0,0
677,"Travis Webb",4,0,3
678,"Len Duncan",1,0,1
679,"Ernie McCoy",2,0,0
680,"Jacques Swaters",7,0,4
681,"Georges Berger",2,0,2
682,"Don Beauman",1,0,0
683,"Leslie Thorne",1,0,0
684,"Bill Whitehouse",1,0,1
685,"John Riseley-Prichard",1,0,1
686,"Reg Parnell",7,0,4
687,"Peter Whitehead",12,0,8
688,"Eric Brandon",5,0,1
689,"Alan Brown",9,0,3
690,"Rodney Nuckey",2,0,1
691,"Hermann Lang",2,0,1
692,"Theo Helfrich",3,0,2
693,"Fred Wacker",3,0,1
694,"Giovanni de Riu",1,0,1
695,"Oscar Gálvez",1,0,0
696,"John Barber",1,0,0
697,"Felice Bonetto",17,0,10
698,"Adolfo Cruz",1,0,1
699,"Duke Nalon",3,0,2
700,"Carl Scarborough",2,0,1
701,"Bill Holland",2,0,1
702,"Bob Scott",5,0,3
703,"Arthur Legat",2,0,1
704,"Yves Cabantous",13,0,5
705,"Tony Crook",2,0,1
706,"Jimmy Stewart",1,0,1
707,"Ian Stewart",1,0,1
708,"Duncan Hamilton",5,0,3
709,"Ernst Klodwig",2,0,0
710,"Rudolf Krause",2,0,1
711,"Oswald Karch",1,0,1
712,"Willi Heeks",2,0,2
713,"Theo Fitzau",1,0,1
714,"Kurt Adolff",1,0,1
715,"Günther Bechem",2,0,2
716,"Erwin Bauer",1,0,1
717,"Hans von Stuck",4,0,3
718,"Ernst Loof",1,0,1
719,"Albert Scherrer",1,0,0
720,"Max de Terra",2,0,1
721,"Peter Hirt",5,0,3
722,"Piero Carini",3,0,3
723,"Rudi Fischer",7,0,3
724,"Toni Ulmen",2,0,1
725,"George Abecassis",2,0,2
726,"George Connor",3,0,1
727,"Jim Rigsby",1,0,0
728,"Joe James",2,0,1
729,"Bill Schindler",3,0,2
730,"George Fonder",3,0,1
731,"Henry Banks",3,0,1
732,"Johnny McDowell",3,0,1
733,"Chet Miller",2,0,2
734,"Bobby Ball",2,0,1
735,"Charles de Tornaco",3,0,2
736,"Roger Laurent",2,0,0
737,"Robert O'Brien",1,0,0
738,"Tony Gaze",4,0,3
739,"Robin Montgomerie-Charrington",1,0,1
740,"Franco Comotti",2,0,1
741,"Philippe Étancelin",12,0,6
742,"Dennis Poore",2,0,0
743,"Eric Thompson",1,0,0
744,"Ken Downing",2,0,1
745,"Graham Whitehead",1,0,0
746,"Gino Bianco",4,0,3
747,"David Murray",4,0,4
748,"Eitel Cantoni",3,0,2
749,"Bill Aston",3,0,3
750,"Adolf Brudes",1,0,1
751,"Fritz Riess",1,0,0
752,"Helmut Niedermayr",1,0,0
753,"Hans Klenk",1,0,0
754,"Marcel Balsa",1,0,1
755,"Rudolf Schoeller",1,0,1
756,"Paul Pietsch",3,0,3
757,"Josef Peters",1,0,1
758,"Dries van der Lof",1,0,1
759,"Jan Flinterman",2,0,1
760,"Piero Dusio",1,0,1
761,"Alberto Crespo",1,0,1
762,"Franco Rol",5,0,4
763,"Consalvo Sanesi",5,0,2
764,"Guy Mairesse",3,0,1
765,"Henri Louveau",2,0,2
767,"Carl Forberg",1,0,0
768,"Mauri Rose",2,0,2
769,"Bill Mackey",1,0,1
770,"Cecil Green",2,0,1
771,"Walt Brown",2,0,1
772,"Mack Hellings",2,0,1
773,"Pierre Levegh",6,0,3
774,"Eugène Chaboud",3,0,1
775,"Aldo Gordini",1,0,1
776,"Joe Kelly",2,0,2
777,"Philip Fotheringham-Parker",1,0,1
778,"Brian Shawe Taylor",2,0,0
779,"John James",1,0,1
780,"Toni Branca",3,0,1
781,"Ken Richardson",1,0,1
782,"Juan Jover",1,0,1
783,"Georges Grignard",1,0,1
784,"David Hampshire",2,0,1
785,"Geoff Crossley",2,0,1
787,"Cuth Harrison",3,0,2
788,"Joe Fry",1,0,0
789,"Eugène Martin",2,0,2
790,"Leslie Johnson",1,0,1
791,"Clemente Biondetti",1,0,1
792,"Alfredo Pián",1,0,1
793,"Raymond Sommer",5,0,4
794,"Joie Chitwood",1,0,0
795,"Myron Fohr",1,0,0
796,"Walt Ader",1,0,0
797,"Jackie Holmes",2,0,1
798,"Bayliss Levrett",1,0,1
799,"Jimmy Jackson",2,0,1
800,"Nello Pagani",1,0,0
801,"Charles Pozzi",1,0,0
802,"Dorino Serafini",1,0,1
803,"Bill Cantrell",1,0,1
804,"Johnny Mantz",1,0,0
805,"Danny Kladis",1,0,1
806,"Óscar González",1,0,0
807,"Nico Hülkenberg",230,0,42
808,"Vitaly Petrov",58,0,12
810,"Lucas di Grassi",19,0,9
811,"Bruno Senna",46,0,11
812,"Karun Chandhok",11,0,2
814,"Paul di Resta",59,0,7
816,"Jérôme d'Ambrosio",20,0,3
818,"Jean-Éric Vergne",58,0,13
819,"Charles Pic",39,0,9
820,"Max Chilton",35,0,3
821,"Esteban Gutiérrez",59,0,13
823,"Giedo van der Garde",19,0,3
824,"Jules Bianchi",34,0,6
825,"Kevin Magnussen",186,0,32
826,"Daniil Kvyat",112,0,25
827,"André Lotterer",1,0,1
828,"Marcus Ericsson",97,0,23
829,"Will Stevens",19,0,3
831,"Felipe Nasr",40,0,7
833,"Roberto Merhi",13,0,1
834,"Alexander Rossi",5,0,0
835,"Jolyon Palmer",37,0,11
836,"Pascal Wehrlein",39,0,8
837,"Rio Haryanto",12,0,3
838,"Stoffel Vandoorne",42,0,8
840,"Lance Stroll",168,0,28
841,"Antonio Giovinazzi",62,0,6
843,"Brendon Hartley",25,0,8
845,"Sergey Sirotkin",21,0,3
848,"Alexander Albon",105,0,19
849,"Nicholas Latifi",61,0,10
850,"Pietro Fittipaldi",2,0,0
851,"Jack Aitken",1,0,0
852,"Yuki Tsunoda",90,0,16
853,"Nikita Mazepin",22,0,6
854,"Mick Schumacher",44,0,6
855,"Guanyu Zhou",68,0,10
856,"Nyck de Vries",11,0,1
858,"Logan Sargeant",36,0,7
859,"Liam Lawson",11,0,0
860,"Oliver Bearman",3,0,0
861,"Franco Colapinto",9,0,3
862,"Jack Doohan",1,0,0
